{"cameraMode":{"drawMode":0,"name":"Shaded","section":"Shading Mode"},"sceneLighting":true,"audioPlay":false,"sceneViewState":{"m_AlwaysRefresh":false,"showFog":true,"showSkybox":true,"showFlares":true,"showImageEffects":true,"showParticleSystems":true,"showVisualEffectGraphs":true,"m_FxEnabled":true},"in2DMode":false,"pivot":{"x":45.703041076660159,"y":53.822723388671878,"z":-11.848258972167969},"rotation":{"x":0.02193639427423477,"y":-0.27389153838157656,"z":0.00624785665422678,"w":0.9615092277526856},"size":0.8607749342918396,"orthographic":false}